{
  "api\\[...route].js": 1776057712.9276512,
  "backend\\server.js": 1776362530.7671874,
  "frontend\\postcss.config.js": 1776011045.5503924,
  "frontend\\tailwind.config.js": 1776012798.1654804,
  "frontend\\vite.config.js": 1776345473.6974108,
  "frontend\\api\\contact.js": 1776362529.694559,
  "frontend\\src\\App.jsx": 1776345473.5633104,
  "frontend\\src\\main.jsx": 1776345473.6250062,
  "frontend\\src\\components\\AppShell.jsx": 1776345473.5713277,
  "frontend\\src\\components\\SNCursor.jsx": 1776444094.0454545,
  "frontend\\src\\components\\SNDarkRoom.jsx": 1776445726.030206,
  "frontend\\src\\components\\SNMapModal.jsx": 1776020265.234956,
  "frontend\\src\\components\\SNParticles.jsx": 1776345473.5864072,
  "frontend\\src\\components\\SNPreloader.jsx": 1776442034.7888865,
  "frontend\\src\\components\\SNTreeCanvas.jsx": 1776345473.5953908,
  "frontend\\src\\components\\SNTreeSVG.jsx": 1776444932.7820148,
  "frontend\\src\\hooks\\useBgWarmth.js": 1776442462.721555,
  "frontend\\src\\hooks\\useReveal.js": 1776345473.6061165,
  "frontend\\src\\hooks\\useVarFontScroll.js": 1776442257.5062997,
  "frontend\\src\\pages\\About.jsx": 1776345473.6345475,
  "frontend\\src\\pages\\AboutPublic.jsx": 1776345473.6460876,
  "frontend\\src\\pages\\Analytics.jsx": 1776343362.966229,
  "frontend\\src\\pages\\Dashboard.jsx": 1776447533.0792513,
  "frontend\\src\\pages\\Installations.jsx": 1776018906.5627215,
  "frontend\\src\\pages\\Landing.jsx": 1776447063.8624153,
  "frontend\\src\\pages\\Privacy.jsx": 1776345473.6881478,
  "README.md": 1776011045.5046608,
  "frontend\\public\\robots.txt": 1776345473.548233,
  "frontend\\public\\og-image.svg": 1776345473.5318367,
  "frontend\\public\\solarnexa-logo.svg": 1776345473.5578055,
  "frontend\\src\\assets\\solarnexa-logo.png": 1776021135.248,
  "frontend\\src\\assets\\solarnexa-logo.svg": 1776021104.2302825,
  "frontend\\src\\assets\\team\\cvPhoto.webp": 1776022311.5372176,
  "frontend\\src\\assets\\team\\hnPhoto.webp": 1776022305.9392986,
  "frontend\\src\\assets\\team\\lcPhoto.png": 1776021400.6481817,
  "frontend\\src\\assets\\team\\sgPhoto.webp": 1776022317.1502647,
  "frontend\\src\\assets\\team\\skPhoto.webp": 1776022299.866404,
  "frontend\\src\\assets\\team\\spPhoto.webp": 1776022276.7625828
}